Workbook

Sheet 任务汇总
A1: VLABench 液体任务重构方案 / Restructured Liquid Task Plan
A2: 已完成全部11个任务页的命名与可执行性修订；当前工作簿共74项任务 / All 11 task sheets have been revised for naming and executability; the workbook contains 74 tasks
A4: 类型 / Type | B4: 程序结构 / Structures | C4: 材料重复 / Material-only duplicates | D4: 人工触发 / Event-conditioned | E4: 任务数 / Tasks
A5: 单次直接倾倒 / Single-stage Pouring | B5: =COUNTA(单次直接倾倒!A5:A12) -> 8 | C5: 0 | D5: =0 -> 0 | E5: =B5 -> 8
A6: 移液枪转移 / Mechanical Pipette Transfer | B6: =COUNTA(移液枪转移!A5:A10) -> 6 | C6: 0 | D6: =0 -> 0 | E6: =B6 -> 6
A7: 移液管转移 / Pipette Transfer | B7: =COUNTA(移液管转移!A5:A10) -> 6 | C7: 0 | D7: =0 -> 0 | E7: =B7 -> 6
A8: 两次接力倾倒 / Two-pour Relay | B8: =COUNTA(两次接力倾倒!A5:A8) -> 4 | C8: 0 | D8: =0 -> 0 | E8: =B8 -> 4
A9: 三次接力倾倒 / Three-pour Relay | B9: =COUNTA(三次接力倾倒!A5:A10) -> 6 | C9: 0 | D9: =0 -> 0 | E9: =B9 -> 6
A10: 双源汇聚倾倒 / Convergent Pouring | B10: =COUNTA(双源汇聚倾倒!A5:A10) -> 6 | C10: 0 | D10: =0 -> 0 | E10: =B10 -> 6
A11: 倾倒与工具接力 / Pour–Tool Relay | B11: =COUNTA(倾倒与工具接力!A5:A14) -> 10 | C11: 0 | D11: =0 -> 0 | E11: =B11 -> 10
A12: 储液池多目标分装 / Reservoir Multi-target Distribution | B12: =COUNTA(储液池多目标分装!A5:A12) -> 8 | C12: 0 | D12: =0 -> 0 | E12: =B12 -> 8
A13: 多来源有序添加 / Ordered Multi-source Addition | B13: =COUNTA(多来源有序添加!A5:A12) -> 8 | C13: 0 | D13: =0 -> 0 | E13: =B13 -> 8
A14: 人工触发流程 / Human-triggered Procedures | B14: =COUNTA(人工触发流程!A5:A12) -> 8 | C14: 0 | D14: 8 | E14: =B14 -> 8
A15: 并行样本处理 / Parallel Sample Handling | B15: =COUNTA(并行样本处理!A5:A8) -> 4 | C15: 0 | D15: 0 | E15: =B15 -> 4
A16: 总计 / Total | B16: =SUM(B5:B15) -> 74 | C16: =SUM(C5:C15) -> 0 | D16: =SUM(D5:D15) -> 8 | E16: =SUM(E5:E15) -> 74
A18: 设计口径 / Counting rule: CuSO4、FeCl2、KMnO4仅作为材料绑定；两个任务若去除材料名称后程序、对象角色和顺序完全相同，则只保留一个。 / Materials are bindings only; tasks identical after material normalization are counted once.
A19: 引擎边界 / Engine boundary: 不包含精确体积、液位、残液、滴定、浓度或连续流体检测；液体转移按动作完成后的离散状态变化评价。 / No continuous liquid simulation or quantitative liquid sensing is assumed.
A20: 组合重点 / Composition focus: 操作顺序、容器拓扑、工具切换、多目标/多来源、人工事件和工作区交互。 / Evaluation focuses on order, topology, tool switching, multi-target/source structure, external events, and workspace interaction.

Sheet 单次直接倾倒
A1: 单次直接倾倒 / Single-stage Pouring
A2: 8个去重任务结构；材料仅作为绑定，不作为独立任务计数 / 8 deduplicated task structures; material bindings are not counted as separate tasks
A4: Task name | B4: Primary family | C4: Instruction | D4: entities | E4: P: executable program
A5: pour_small_beaker_into_small_beaker | B5: Liquid handling | C5: Pick up small beaker containing CuSO4 solution and pour it into another small beaker. | D5: small_beaker_0; small_beaker_1; CuSO4_solution_0 | E5: pick(beaker_0) → pour_to_entity(beaker_0, beaker_1)
A6: pour_small_beaker_into_flask | B6: Liquid handling | C6: Pick up small beaker containing FeCl2 solution and pour it into flask. | D6: small_beaker_0; flask_0; FeCl2_solution_0 | E6: pick(beaker_0) → pour_to_entity(beaker_0, flask_0)
A7: pour_small_beaker_into_medium_cylinder | B7: Liquid handling | C7: Pick up small beaker containing KMnO4 solution and pour it into medium cylinder. | D7: small_beaker_0; medium_cylinder_0; KMnO4_solution_0 | E7: pick(beaker_0) → pour_to_entity(beaker_0, graduated_cylinder_0)
A8: pour_flask_into_small_beaker | B8: Liquid handling | C8: Pick up flask containing CuSO4 solution and pour it into small beaker. | D8: flask_0; small_beaker_0; CuSO4_solution_0 | E8: pick(flask_0) → pour_to_entity(flask_0, beaker_0)
A9: pour_flask_into_medium_cylinder | B9: Liquid handling | C9: Pick up flask containing FeCl2 solution and pour it into medium cylinder. | D9: flask_0; medium_cylinder_0; FeCl2_solution_0 | E9: pick(flask_0) → pour_to_entity(flask_0, graduated_cylinder_0)
A10: pour_medium_cylinder_into_small_beaker | B10: Liquid handling | C10: Pick up medium cylinder containing KMnO4 solution and pour it into small beaker. | D10: medium_cylinder_0; small_beaker_0; KMnO4_solution_0 | E10: pick(graduated_cylinder_0) → pour_to_entity(graduated_cylinder_0, beaker_0)
A11: pour_tube_into_small_beaker | B11: Liquid handling | C11: Pick up tube containing CuSO4 solution and pour it into small beaker. | D11: chemistry_tube_0; small_beaker_0; CuSO4_solution_0 | E11: pick(chemistry_tube_0) → pour_to_entity(chemistry_tube_0, beaker_0)
A12: pour_small_beaker_into_tube | B12: Liquid handling | C12: Pick up small beaker containing FeCl2 solution and pour it into tube. | D12: small_beaker_0; chemistry_tube_0; FeCl2_solution_0 | E12: pick(beaker_0) → pour_to_entity(beaker_0, chemistry_tube_0)

Sheet 移液枪转移
A1: 移液枪转移 / Mechanical Pipette Transfer
A2: 6个去重任务结构；材料仅作为绑定，不作为独立任务计数 / 6 deduplicated task structures; material bindings are not counted as separate tasks
A4: Task name | B4: Primary family | C4: Instruction | D4: entities | E4: P: executable program
A5: mechanical_pipette_small_beaker_to_tube_once | B5: Liquid handling | C5: Pick up the mechanical pipette and aspirate CuSO4 solution from the small beaker, then dispense the solution to the tube. | D5: mechanical_pipette_0; small_beaker_0; chemistry_tube_0; CuSO4_solution_0 | E5: pick(mechanical_pipette_0) → moveto_entity(mechanical_pipette_0, small_beaker_0) → aspirate(mechanical_pipette_0, small_beaker_0) → moveto_entity(mechanical_pipette_0, chemistry_tube_0) → dispense(mechanical_pipette_0, chemistry_tube_0)
A6: mechanical_pipette_large_beaker_to_tube_twice | B6: Liquid handling | C6: Pick up the mechanical pipette and aspirate FeCl2 solution from the large beaker, then dispense the solution to the tube. Repeat the aspirate-dispense cycle once more. | D6: mechanical_pipette_0; large_beaker_0; chemistry_tube_0; FeCl2_solution_0 | E6: pick(mechanical_pipette_0) → moveto_entity(mechanical_pipette_0, large_beaker_0) → aspirate(mechanical_pipette_0, large_beaker_0) → moveto_entity(mechanical_pipette_0, chemistry_tube_0) → dispense(mechanical_pipette_0, chemistry_tube_0) → moveto_entity(mechanical_pipette_0, large_beaker_0) → aspirate(mechanical_pipette_0, large_beaker_0) → moveto_entity(mechanical_pipette_0, chemistry_tube_0) → dispense(mechanical_pipette_0, chemistry_tube_0)
A7: mechanical_pipette_small_beaker_to_flask_once | B7: Liquid handling | C7: Pick up the mechanical pipette and aspirate KMnO4 solution from the small beaker, then dispense the solution to the flask. | D7: mechanical_pipette_0; small_beaker_0; flask_0; KMnO4_solution_0 | E7: pick(mechanical_pipette_0) → moveto_entity(mechanical_pipette_0, small_beaker_0) → aspirate(mechanical_pipette_0, small_beaker_0) → moveto_entity(mechanical_pipette_0, flask_0) → dispense(mechanical_pipette_0, flask_0)
A8: mechanical_pipette_large_beaker_to_flask_twice | B8: Liquid handling | C8: Pick up the mechanical pipette and aspirate CuSO4 solution from the large beaker, then dispense the solution to the flask. Repeat the aspirate-dispense cycle once more. | D8: mechanical_pipette_0; large_beaker_0; flask_0; CuSO4_solution_0 | E8: pick(mechanical_pipette_0) → moveto_entity(mechanical_pipette_0, large_beaker_0) → aspirate(mechanical_pipette_0, large_beaker_0) → moveto_entity(mechanical_pipette_0, flask_0) → dispense(mechanical_pipette_0, flask_0) → moveto_entity(mechanical_pipette_0, large_beaker_0) → aspirate(mechanical_pipette_0, large_beaker_0) → moveto_entity(mechanical_pipette_0, flask_0) → dispense(mechanical_pipette_0, flask_0)
A9: mechanical_pipette_small_beaker_to_petridish_once | B9: Liquid handling | C9: Pick up the mechanical pipette and aspirate FeCl2 solution from the small beaker, then dispense the solution to the petri dish. | D9: mechanical_pipette_0; small_beaker_0; petri_dish_0; FeCl2_solution_0 | E9: pick(mechanical_pipette_0) → moveto_entity(mechanical_pipette_0, small_beaker_0) → aspirate(mechanical_pipette_0, small_beaker_0) → moveto_entity(mechanical_pipette_0, petri_dish_0) → dispense(mechanical_pipette_0, petri_dish_0)
A10: mechanical_pipette_large_beaker_to_petridish_twice | B10: Liquid handling | C10: Pick up the mechanical pipette and aspirate KMnO4 solution from the large beaker, then dispense the solution to the petri dish. Repeat the aspirate-dispense cycle once more. | D10: mechanical_pipette_0; large_beaker_0; petri_dish_0; KMnO4_solution_0 | E10: pick(mechanical_pipette_0) → moveto_entity(mechanical_pipette_0, large_beaker_0) → aspirate(mechanical_pipette_0, large_beaker_0) → moveto_entity(mechanical_pipette_0, petri_dish_0) → dispense(mechanical_pipette_0, petri_dish_0) → moveto_entity(mechanical_pipette_0, large_beaker_0) → aspirate(mechanical_pipette_0, large_beaker_0) → moveto_entity(mechanical_pipette_0, petri_dish_0) → dispense(mechanical_pipette_0, petri_dish_0)

Sheet 移液管转移
A1: 移液管转移 / Pipette Transfer
A2: 6个去重任务结构；材料仅作为绑定，不作为独立任务计数 / 6 deduplicated task structures; material bindings are not counted as separate tasks
A4: Task name | B4: Primary family | C4: Instruction | D4: entities | E4: P: executable program
A5: pipette_small_beaker_to_tube_once | B5: Liquid handling | C5: Pick up the pipette and aspirate CuSO4 solution from the small beaker, then dispense the solution to the tube. | D5: pipette_0; small_beaker_0; chemistry_tube_0; CuSO4_solution_0 | E5: pick(pipette_0) → moveto_entity(pipette_0, small_beaker_0) → aspirate(pipette_0, small_beaker_0) → moveto_entity(pipette_0, chemistry_tube_0) → dispense(pipette_0, chemistry_tube_0)
A6: pipette_large_beaker_to_tube_twice | B6: Liquid handling | C6: Pick up the pipette and aspirate FeCl2 solution from the large beaker, then dispense the solution to the tube. Repeat the aspirate-dispense cycle once more. | D6: pipette_0; large_beaker_0; chemistry_tube_0; FeCl2_solution_0 | E6: pick(pipette_0) → moveto_entity(pipette_0, large_beaker_0) → aspirate(pipette_0, large_beaker_0) → moveto_entity(pipette_0, chemistry_tube_0) → dispense(pipette_0, chemistry_tube_0) → moveto_entity(pipette_0, large_beaker_0) → aspirate(pipette_0, large_beaker_0) → moveto_entity(pipette_0, chemistry_tube_0) → dispense(pipette_0, chemistry_tube_0)
A7: pipette_small_beaker_to_flask_once | B7: Liquid handling | C7: Pick up the pipette and aspirate KMnO4 solution from the small beaker, then dispense the solution to the flask. | D7: pipette_0; small_beaker_0; flask_0; KMnO4_solution_0 | E7: pick(pipette_0) → moveto_entity(pipette_0, small_beaker_0) → aspirate(pipette_0, small_beaker_0) → moveto_entity(pipette_0, flask_0) → dispense(pipette_0, flask_0)
A8: pipette_large_beaker_to_flask_twice | B8: Liquid handling | C8: Pick up the pipette and aspirate CuSO4 solution from the large beaker, then dispense the solution to the flask. Repeat the aspirate-dispense cycle once more. | D8: pipette_0; large_beaker_0; flask_0; CuSO4_solution_0 | E8: pick(pipette_0) → moveto_entity(pipette_0, large_beaker_0) → aspirate(pipette_0, large_beaker_0) → moveto_entity(pipette_0, flask_0) → dispense(pipette_0, flask_0) → moveto_entity(pipette_0, large_beaker_0) → aspirate(pipette_0, large_beaker_0) → moveto_entity(pipette_0, flask_0) → dispense(pipette_0, flask_0)
A9: pipette_small_beaker_to_petridish_once | B9: Liquid handling | C9: Pick up the pipette and aspirate FeCl2 solution from the small beaker, then dispense the solution to the petri dish. | D9: pipette_0; small_beaker_0; petri_dish_0; FeCl2_solution_0 | E9: pick(pipette_0) → moveto_entity(pipette_0, small_beaker_0) → aspirate(pipette_0, small_beaker_0) → moveto_entity(pipette_0, petri_dish_0) → dispense(pipette_0, petri_dish_0)
A10: pipette_large_beaker_to_petridish_twice | B10: Liquid handling | C10: Pick up the pipette and aspirate KMnO4 solution from the large beaker, then dispense the solution to the petri dish. Repeat the aspirate-dispense cycle once more. | D10: pipette_0; large_beaker_0; petri_dish_0; KMnO4_solution_0 | E10: pick(pipette_0) → moveto_entity(pipette_0, large_beaker_0) → aspirate(pipette_0, large_beaker_0) → moveto_entity(pipette_0, petri_dish_0) → dispense(pipette_0, petri_dish_0) → moveto_entity(pipette_0, large_beaker_0) → aspirate(pipette_0, large_beaker_0) → moveto_entity(pipette_0, petri_dish_0) → dispense(pipette_0, petri_dish_0)

Sheet 两次接力倾倒
A1: 两次接力倾倒 / Two-pour Relay
A2: 4个去重任务结构；材料仅作为绑定，不作为独立任务计数 / 4 deduplicated task structures; material bindings are not counted as separate tasks
A4: Task name | B4: Primary family | C4: Instruction | D4: entities | E4: P: executable program
A5: relay_small_beaker_via_flask_to_medium_cylinder | B5: Liquid handling | C5: Pick up the small beaker which contains CuSO4 solution, and pour the solution into flask, then pick the flask and pour the solution from flask into medium cylinder. | D5: small_beaker_0; flask_0; medium_cylinder_0; CuSO4_solution_0 | E5: pick(beaker_0) → pour_to_entity(beaker_0, flask_0) → place(beaker_0) → pick(flask_0) → pour_to_entity(flask_0, graduated_cylinder_0)
A6: relay_small_beaker_via_medium_cylinder_to_flask | B6: Liquid handling | C6: Pick up the small beaker which contains FeCl2 solution, and pour the solution into medium cylinder, then pick the medium cylinder and pour the solution from medium cylinder into flask. | D6: small_beaker_0; medium_cylinder_0; flask_0; FeCl2_solution_0 | E6: pick(beaker_0) → pour_to_entity(beaker_0, graduated_cylinder_0) → place(beaker_0) → pick(graduated_cylinder_0) → pour_to_entity(graduated_cylinder_0, flask_0)
A7: relay_flask_via_small_beaker_to_tube | B7: Liquid handling | C7: Pick up the flask which contains KMnO4 solution, and pour the solution into small beaker, then pick the small beaker and pour the solution from small beaker into tube. | D7: flask_0; small_beaker_0; chemistry_tube_0; KMnO4_solution_0 | E7: pick(flask_0) → pour_to_entity(flask_0, beaker_0) → place(flask_0) → pick(beaker_0) → pour_to_entity(beaker_0, chemistry_tube_0)
A8: relay_tube_via_small_beaker_to_medium_cylinder | B8: Liquid handling | C8: Pick up the tube which contains CuSO4 solution, and pour the solution into small beaker, then pick the small beaker and pour the solution from small beaker into medium cylinder. | D8: chemistry_tube_0; small_beaker_0; medium_cylinder_0; CuSO4_solution_0 | E8: pick(chemistry_tube_0) → pour_to_entity(chemistry_tube_0, beaker_0) → place(chemistry_tube_0) → pick(beaker_0) → pour_to_entity(beaker_0, graduated_cylinder_0)

Sheet 三次接力倾倒
A1: 三次接力倾倒 / Three-pour Relay
A2: 6个去重任务结构；材料仅作为绑定，不作为独立任务计数 / 6 deduplicated task structures; material bindings are not counted as separate tasks
A4: Task name | B4: Primary family | C4: Instruction | D4: entities | E4: P: executable program
A5: three_stage_small_beaker_via_flask_and_medium_cylinder_to_small_beaker | B5: Liquid handling | C5: Pick up the small beaker which contains CuSO4 solution, and pour the solution into flask, then pick the flask and pour the solution from flask into medium cylinder, then pick the medium cylinder and pour the solution from medium cylinder into another small beaker. | D5: small_beaker_0; flask_0; medium_cylinder_0; small_beaker_1; CuSO4_solution_0 | E5: pick(beaker_0) → pour_to_entity(beaker_0, flask_0) → place(beaker_0) → pick(flask_0) → pour_to_entity(flask_0, graduated_cylinder_0) → place(flask_0) → pick(graduated_cylinder_0) → pour_to_entity(graduated_cylinder_0, beaker_1)
A6: three_stage_tube_via_small_beaker_and_flask_to_medium_cylinder | B6: Liquid handling | C6: Pick up the tube which contains FeCl2 solution, and pour the solution into small beaker, then pick the small beaker and pour the solution from small beaker into flask, then pick the flask and pour the solution from flask into medium cylinder. | D6: chemistry_tube_0; small_beaker_0; flask_0; medium_cylinder_0; FeCl2_solution_0 | E6: pick(chemistry_tube_0) → pour_to_entity(chemistry_tube_0, beaker_0) → place(chemistry_tube_0) → pick(beaker_0) → pour_to_entity(beaker_0, flask_0) → place(beaker_0) → pick(flask_0) → pour_to_entity(flask_0, graduated_cylinder_0)
A7: three_stage_flask_via_small_beaker_and_medium_cylinder_to_tube | B7: Liquid handling | C7: Pick up the flask which contains FeCl2 solution, and pour the solution into small beaker, then pick the small beaker and pour the solution from small beaker into medium cylinder, then pick the medium cylinder and pour the solution from medium cylinder into tube. | D7: flask_0; small_beaker_0; medium_cylinder_0; chemistry_tube_0; FeCl2_solution_0 | E7: pick(flask_0) → pour_to_entity(flask_0, beaker_0) → place(flask_0) → pick(beaker_0) → pour_to_entity(beaker_0, graduated_cylinder_0) → place(beaker_0) → pick(graduated_cylinder_0) → pour_to_entity(graduated_cylinder_0, chemistry_tube_0)
A8: three_stage_medium_cylinder_via_flask_and_tube_to_petridish | B8: Liquid handling | C8: Pick up the medium cylinder which contains KMnO4 solution, and pour the solution into flask, then pick the flask and pour the solution from flask into tube, then pick the tube and pour the solution from tube into petri dish. | D8: medium_cylinder_0; flask_0; chemistry_tube_0; petri_dish_0; KMnO4_solution_0 | E8: pick(graduated_cylinder_0) → pour_to_entity(graduated_cylinder_0, flask_0) → place(graduated_cylinder_0) → pick(flask_0) → pour_to_entity(flask_0, chemistry_tube_0) → place(flask_0) → pick(chemistry_tube_0) → pour_to_entity(chemistry_tube_0, petri_dish_0)
A9: three_stage_tube_via_medium_cylinder_and_small_beaker_to_petridish | B9: Liquid handling | C9: Pick up the tube which contains CuSO4 solution, and pour the solution into medium cylinder, then pick the medium cylinder and pour the solution from medium cylinder into small beaker, then pick the small beaker and pour the solution from small beaker into petri dish. | D9: chemistry_tube_0; medium_cylinder_0; small_beaker_0; petri_dish_0; CuSO4_solution_0 | E9: pick(chemistry_tube_0) → pour_to_entity(chemistry_tube_0, graduated_cylinder_0) → place(chemistry_tube_0) → pick(graduated_cylinder_0) → pour_to_entity(graduated_cylinder_0, beaker_0) → place(graduated_cylinder_0) → pick(beaker_0) → pour_to_entity(beaker_0, petri_dish_0)
A10: three_stage_small_beaker_via_tube_and_flask_to_medium_cylinder | B10: Liquid handling | C10: Pick up the small beaker which contains FeCl2 solution, and pour the solution into tube, then pick the tube and pour the solution from tube into flask, then pick the flask and pour the solution from flask into medium cylinder. | D10: small_beaker_0; chemistry_tube_0; flask_0; medium_cylinder_0; FeCl2_solution_0 | E10: pick(beaker_0) → pour_to_entity(beaker_0, chemistry_tube_0) → place(beaker_0) → pick(chemistry_tube_0) → pour_to_entity(chemistry_tube_0, flask_0) → place(chemistry_tube_0) → pick(flask_0) → pour_to_entity(flask_0, graduated_cylinder_0)

Sheet 双源汇聚倾倒
A1: 双源汇聚倾倒 / Convergent Pouring
A2: 6个去重任务结构；材料仅作为绑定，不作为独立任务计数 / 6 deduplicated task structures; material bindings are not counted as separate tasks
A4: Task name | B4: Primary family | C4: Instruction | D4: entities | E4: P: executable program
A5: ordered_converge_small_beaker_and_flask_into_small_beaker | B5: Liquid handling | C5: Pick up the small beaker which contains CuSO4 solution, and pour the solution into another small beaker, then pick the flask which contains FeCl2 solution and pour the solution from flask into the same small beaker. | D5: small_beaker_0; flask_0; small_beaker_1; CuSO4_solution_0; FeCl2_solution_1 | E5: pick(beaker_0) → pour_to_entity(beaker_0, beaker_1) → place(beaker_0) → pick(flask_0) → pour_to_entity(flask_0, beaker_1)
A6: ordered_converge_two_tubes_into_small_beaker | B6: Liquid handling | C6: Pick up the tube which contains FeCl2 solution, and pour the solution into small beaker, then pick another tube which contains KMnO4 solution and pour the solution into the same small beaker. | D6: chemistry_tube_0; chemistry_tube_1; small_beaker_0; FeCl2_solution_0; KMnO4_solution_1 | E6: pick(chemistry_tube_0) → pour_to_entity(chemistry_tube_0, beaker_0) → place(chemistry_tube_0) → pick(chemistry_tube_1) → pour_to_entity(chemistry_tube_1, beaker_0)
A7: ordered_converge_medium_cylinder_and_tube_into_flask | B7: Liquid handling | C7: Pick up the medium cylinder which contains CuSO4 solution, and pour the solution into flask, then pick the tube which contains FeCl2 solution and pour the solution into the same flask. | D7: medium_cylinder_0; chemistry_tube_0; flask_0; CuSO4_solution_0; FeCl2_solution_1 | E7: pick(graduated_cylinder_0) → pour_to_entity(graduated_cylinder_0, flask_0) → place(graduated_cylinder_0) → pick(chemistry_tube_0) → pour_to_entity(chemistry_tube_0, flask_0)
A8: ordered_converge_small_beaker_and_medium_cylinder_into_petridish | B8: Liquid handling | C8: Pick up the small beaker which contains KMnO4 solution, and pour the solution into petri dish, then pick the medium cylinder which contains FeCl2 solution and pour the solution into the same petri dish. | D8: small_beaker_0; medium_cylinder_0; petri_dish_0; KMnO4_solution_0; FeCl2_solution_1 | E8: pick(beaker_0) → pour_to_entity(beaker_0, petri_dish_0) → place(beaker_0) → pick(graduated_cylinder_0) → pour_to_entity(graduated_cylinder_0, petri_dish_0)
A9: ordered_converge_two_flasks_into_medium_cylinder | B9: Liquid handling | C9: Pick up the flask which contains CuSO4 solution, and pour the solution into medium cylinder, then pick another flask which contains KMnO4 solution and pour the solution into the same medium cylinder. | D9: flask_0; flask_1; medium_cylinder_0; CuSO4_solution_0; KMnO4_solution_1 | E9: pick(flask_0) → pour_to_entity(flask_0, graduated_cylinder_0) → place(flask_0) → pick(flask_1) → pour_to_entity(flask_1, graduated_cylinder_0)
A10: ordered_converge_small_beaker_and_tube_into_flask | B10: Liquid handling | C10: Pick up the small beaker which contains FeCl2 solution, and pour the solution into flask, then pick the tube which contains CuSO4 solution and pour the solution into the same flask. | D10: small_beaker_0; chemistry_tube_0; flask_0; FeCl2_solution_0; CuSO4_solution_1 | E10: pick(beaker_0) → pour_to_entity(beaker_0, flask_0) → place(beaker_0) → pick(chemistry_tube_0) → pour_to_entity(chemistry_tube_0, flask_0)

Sheet 倾倒与工具接力
A1: 倾倒与工具接力 / Pour–Tool Relay
A2: 10个去重任务结构；材料仅作为绑定，不作为独立任务计数 / 10 deduplicated task structures; material bindings are not counted as separate tasks
A4: Task name | B4: Primary family | C4: Instruction | D4: entities | E4: P: executable program
A5: pour_flask_into_small_beaker_mechanical_pipette_small_beaker_to_medium_cylinder | B5: Liquid handling | C5: Pick up the flask containing FeCl2 solution and pour it into the small beaker. Place the flask, then use the mechanical pipette to aspirate from the small beaker and dispense into the medium cylinder. | D5: flask_0; small_beaker_0; medium_cylinder_0; mechanical_pipette_0; FeCl2_solution_0 | E5: pick(flask_0) → pour_to_entity(flask_0, small_beaker_0) → place(flask_0) → pick(mechanical_pipette_0) → moveto_entity(mechanical_pipette_0, small_beaker_0) → aspirate(mechanical_pipette_0, small_beaker_0) → moveto_entity(mechanical_pipette_0, graduated_cylinder_0) → dispense(mechanical_pipette_0, graduated_cylinder_0)
A6: pour_tube_into_large_beaker_mechanical_pipette_large_beaker_to_flask | B6: Liquid handling | C6: Pick up the tube containing KMnO4 solution and pour it into the large beaker. Place the tube, then use the mechanical pipette to aspirate from the large beaker and dispense into the flask. | D6: chemistry_tube_0; large_beaker_0; flask_0; mechanical_pipette_0; KMnO4_solution_0 | E6: pick(chemistry_tube_0) → pour_to_entity(chemistry_tube_0, large_beaker_0) → place(chemistry_tube_0) → pick(mechanical_pipette_0) → moveto_entity(mechanical_pipette_0, large_beaker_0) → aspirate(mechanical_pipette_0, large_beaker_0) → moveto_entity(mechanical_pipette_0, flask_0) → dispense(mechanical_pipette_0, flask_0)
A7: pour_medium_cylinder_into_small_beaker_mechanical_pipette_small_beaker_to_tube | B7: Liquid handling | C7: Pick up the medium cylinder containing FeCl2 solution and pour it into the small beaker. Place the medium cylinder, then use the mechanical pipette to aspirate from the small beaker and dispense into the tube. | D7: medium_cylinder_0; small_beaker_0; chemistry_tube_0; mechanical_pipette_0; FeCl2_solution_0 | E7: pick(graduated_cylinder_0) → pour_to_entity(graduated_cylinder_0, small_beaker_0) → place(graduated_cylinder_0) → pick(mechanical_pipette_0) → moveto_entity(mechanical_pipette_0, small_beaker_0) → aspirate(mechanical_pipette_0, small_beaker_0) → moveto_entity(mechanical_pipette_0, chemistry_tube_0) → dispense(mechanical_pipette_0, chemistry_tube_0)
A8: pour_tube_into_large_beaker_pipette_large_beaker_to_medium_cylinder | B8: Liquid handling | C8: Pick up the tube containing FeCl2 solution and pour it into the large beaker. Place the tube, then use the pipette to aspirate from the large beaker and dispense into the medium cylinder. | D8: chemistry_tube_0; large_beaker_0; medium_cylinder_0; pipette_0; FeCl2_solution_0 | E8: pick(chemistry_tube_0) → pour_to_entity(chemistry_tube_0, large_beaker_0) → place(chemistry_tube_0) → pick(pipette_0) → moveto_entity(pipette_0, large_beaker_0) → aspirate(pipette_0, large_beaker_0) → moveto_entity(pipette_0, graduated_cylinder_0) → dispense(pipette_0, graduated_cylinder_0)
A9: pour_flask_into_small_beaker_pipette_small_beaker_to_tube | B9: Liquid handling | C9: Pick up the flask containing KMnO4 solution and pour it into the small beaker. Place the flask, then use the pipette to aspirate from the small beaker and dispense into the tube. | D9: flask_0; small_beaker_0; chemistry_tube_0; pipette_0; KMnO4_solution_0 | E9: pick(flask_0) → pour_to_entity(flask_0, small_beaker_0) → place(flask_0) → pick(pipette_0) → moveto_entity(pipette_0, small_beaker_0) → aspirate(pipette_0, small_beaker_0) → moveto_entity(pipette_0, chemistry_tube_0) → dispense(pipette_0, chemistry_tube_0)
A10: mechanical_pipette_large_beaker_to_flask_pour_flask_into_tube | B10: Liquid handling | C10: Use the mechanical pipette to aspirate FeCl2 solution from the large beaker and dispense it into the flask. Place the mechanical pipette, then pick up the flask and pour the solution into the tube. | D10: mechanical_pipette_0; large_beaker_0; flask_0; chemistry_tube_0; FeCl2_solution_0 | E10: pick(mechanical_pipette_0) → moveto_entity(mechanical_pipette_0, large_beaker_0) → aspirate(mechanical_pipette_0, large_beaker_0) → moveto_entity(mechanical_pipette_0, flask_0) → dispense(mechanical_pipette_0, flask_0) → place(mechanical_pipette_0) → pick(flask_0) → pour_to_entity(flask_0, chemistry_tube_0)
A11: pour_flask_into_small_beaker_pipette_small_beaker_to_petridish | B11: Liquid handling | C11: Pick up the flask containing CuSO4 solution and pour it into the small beaker. Place the flask, then use the pipette to aspirate from the small beaker and dispense into the petri dish. | D11: flask_0; small_beaker_0; pipette_0; petri_dish_0; CuSO4_solution_0 | E11: pick(flask_0) → pour_to_entity(flask_0, small_beaker_0) → place(flask_0) → pick(pipette_0) → moveto_entity(pipette_0, small_beaker_0) → aspirate(pipette_0, small_beaker_0) → moveto_entity(pipette_0, petri_dish_0) → dispense(pipette_0, petri_dish_0)
A12: pour_medium_cylinder_into_large_beaker_mechanical_pipette_large_beaker_to_petridish | B12: Liquid handling | C12: Pick up the medium cylinder containing KMnO4 solution and pour it into the large beaker. Place the medium cylinder, then use the mechanical pipette to aspirate from the large beaker and dispense into the petri dish. | D12: medium_cylinder_0; large_beaker_0; mechanical_pipette_0; petri_dish_0; KMnO4_solution_0 | E12: pick(graduated_cylinder_0) → pour_to_entity(graduated_cylinder_0, large_beaker_0) → place(graduated_cylinder_0) → pick(mechanical_pipette_0) → moveto_entity(mechanical_pipette_0, large_beaker_0) → aspirate(mechanical_pipette_0, large_beaker_0) → moveto_entity(mechanical_pipette_0, petri_dish_0) → dispense(mechanical_pipette_0, petri_dish_0)
A13: pipette_small_beaker_to_flask_pour_flask_into_medium_cylinder | B13: Liquid handling | C13: Use the pipette to aspirate CuSO4 solution from the small beaker and dispense it into the flask. Place the pipette, then pick up the flask and pour the solution into the medium cylinder. | D13: pipette_0; small_beaker_0; flask_0; medium_cylinder_0; CuSO4_solution_0 | E13: pick(pipette_0) → moveto_entity(pipette_0, small_beaker_0) → aspirate(pipette_0, small_beaker_0) → moveto_entity(pipette_0, flask_0) → dispense(pipette_0, flask_0) → place(pipette_0) → pick(flask_0) → pour_to_entity(flask_0, graduated_cylinder_0)
A14: mechanical_pipette_large_beaker_to_medium_cylinder_pour_medium_cylinder_into_tube | B14: Liquid handling | C14: Use the mechanical pipette to aspirate FeCl2 solution from the large beaker and dispense it into the medium cylinder. Place the mechanical pipette, then pick up the medium cylinder and pour the solution into the tube. | D14: mechanical_pipette_0; large_beaker_0; medium_cylinder_0; chemistry_tube_0; FeCl2_solution_0 | E14: pick(mechanical_pipette_0) → moveto_entity(mechanical_pipette_0, large_beaker_0) → aspirate(mechanical_pipette_0, large_beaker_0) → moveto_entity(mechanical_pipette_0, graduated_cylinder_0) → dispense(mechanical_pipette_0, graduated_cylinder_0) → place(mechanical_pipette_0) → pick(graduated_cylinder_0) → pour_to_entity(graduated_cylinder_0, chemistry_tube_0)

Sheet 储液池多目标分装
A1: 储液池多目标分装 / Reservoir Multi-target Distribution
A2: 8个去重任务结构；材料仅作为绑定，不作为独立任务计数 / 8 deduplicated task structures; material bindings are not counted as separate tasks
A4: Task name | B4: Primary family | C4: Instruction | D4: entities | E4: P: executable program
A5: pour_flask_into_small_beaker_mechanical_pipette_small_beaker_to_two_tubes | B5: Liquid handling | C5: Pick up the flask which contains CuSO4 solution, and pour the solution into small beaker, then pick up mechanical pipette and aspirate the solution from small beaker, then dispense the solution to one tube. Repeat the aspirate-dispense cycle to transfer the solution from small beaker to another tube. | D5: flask_0; small_beaker_0; chemistry_tube_0; chemistry_tube_1; mechanical_pipette_0; CuSO4_solution_0 | E5: pick(flask_0) → pour_to_entity(flask_0, small_beaker_0) → place(flask_0) → pick(mechanical_pipette_0) → moveto_entity(mechanical_pipette_0, small_beaker_0) → aspirate(mechanical_pipette_0, small_beaker_0) → moveto_entity(mechanical_pipette_0, chemistry_tube_0) → dispense(mechanical_pipette_0, chemistry_tube_0) → moveto_entity(mechanical_pipette_0, small_beaker_0) → aspirate(mechanical_pipette_0, small_beaker_0) → moveto_entity(mechanical_pipette_0, chemistry_tube_1) → dispense(mechanical_pipette_0, chemistry_tube_1)
A6: pour_small_beaker_into_large_beaker_mechanical_pipette_large_beaker_to_tube_and_cylinder | B6: Liquid handling | C6: Pick up the small beaker which contains FeCl2 solution, and pour the solution into large beaker, then pick up mechanical pipette and aspirate the solution from large beaker, then dispense the solution to tube. Repeat the aspirate-dispense cycle to transfer the solution from large beaker to cylinder. | D6: small_beaker_0; large_beaker_0; chemistry_tube_0; graduated_cylinder_0; mechanical_pipette_0; FeCl2_solution_0 | E6: pick(small_beaker_0) → pour_to_entity(small_beaker_0, large_beaker_0) → place(small_beaker_0) → pick(mechanical_pipette_0) → moveto_entity(mechanical_pipette_0, large_beaker_0) → aspirate(mechanical_pipette_0, large_beaker_0) → moveto_entity(mechanical_pipette_0, chemistry_tube_0) → dispense(mechanical_pipette_0, chemistry_tube_0) → moveto_entity(mechanical_pipette_0, large_beaker_0) → aspirate(mechanical_pipette_0, large_beaker_0) → moveto_entity(mechanical_pipette_0, graduated_cylinder_0) → dispense(mechanical_pipette_0, graduated_cylinder_0)
A7: pour_cylinder_into_large_beaker_mechanical_pipette_large_beaker_to_two_tubes_and_flask | B7: Liquid handling | C7: Pick up the cylinder which contains KMnO4 solution, and pour the solution into large beaker, then pick up mechanical pipette and aspirate the solution from large beaker, then dispense the solution to one tube. Repeat the aspirate-dispense cycle to transfer the solution from large beaker to another tube, then repeat the cycle once more to transfer the solution from large beaker to flask. | D7: graduated_cylinder_0; large_beaker_0; chemistry_tube_0; chemistry_tube_1; flask_0; mechanical_pipette_0; KMnO4_solution_0 | E7: pick(graduated_cylinder_0) → pour_to_entity(graduated_cylinder_0, large_beaker_0) → place(graduated_cylinder_0) → pick(mechanical_pipette_0) → moveto_entity(mechanical_pipette_0, large_beaker_0) → aspirate(mechanical_pipette_0, large_beaker_0) → moveto_entity(mechanical_pipette_0, chemistry_tube_0) → dispense(mechanical_pipette_0, chemistry_tube_0) → moveto_entity(mechanical_pipette_0, large_beaker_0) → aspirate(mechanical_pipette_0, large_beaker_0) → moveto_entity(mechanical_pipette_0, chemistry_tube_1) → dispense(mechanical_pipette_0, chemistry_tube_1) → moveto_entity(mechanical_pipette_0, large_beaker_0) → aspirate(mechanical_pipette_0, large_beaker_0) → moveto_entity(mechanical_pipette_0, flask_0) → dispense(mechanical_pipette_0, flask_0)
A8: pour_tube_into_large_beaker_mechanical_pipette_large_beaker_to_flask_cylinder_and_tube | B8: Liquid handling | C8: Pick up the tube which contains CuSO4 solution, and pour the solution into large beaker, then pick up mechanical pipette and aspirate the solution from large beaker, then dispense the solution to flask. Repeat the aspirate-dispense cycle to transfer the solution from large beaker to cylinder, then repeat the cycle once more to transfer the solution from large beaker to another tube. | D8: chemistry_tube_0; large_beaker_0; flask_0; graduated_cylinder_0; chemistry_tube_1; mechanical_pipette_0; CuSO4_solution_0 | E8: pick(chemistry_tube_0) → pour_to_entity(chemistry_tube_0, large_beaker_0) → place(chemistry_tube_0) → pick(mechanical_pipette_0) → moveto_entity(mechanical_pipette_0, large_beaker_0) → aspirate(mechanical_pipette_0, large_beaker_0) → moveto_entity(mechanical_pipette_0, flask_0) → dispense(mechanical_pipette_0, flask_0) → moveto_entity(mechanical_pipette_0, large_beaker_0) → aspirate(mechanical_pipette_0, large_beaker_0) → moveto_entity(mechanical_pipette_0, graduated_cylinder_0) → dispense(mechanical_pipette_0, graduated_cylinder_0) → moveto_entity(mechanical_pipette_0, large_beaker_0) → aspirate(mechanical_pipette_0, large_beaker_0) → moveto_entity(mechanical_pipette_0, chemistry_tube_1) → dispense(mechanical_pipette_0, chemistry_tube_1)
A9: pour_flask_into_small_beaker_pipette_small_beaker_to_two_tubes | B9: Liquid handling | C9: Pick up the flask which contains FeCl2 solution, and pour the solution into small beaker, then pick up pipette and aspirate the solution from small beaker, then dispense the solution to one tube. Repeat the aspirate-dispense cycle to transfer the solution from small beaker to another tube. | D9: flask_0; small_beaker_0; chemistry_tube_0; chemistry_tube_1; pipette_0; FeCl2_solution_0 | E9: pick(flask_0) → pour_to_entity(flask_0, small_beaker_0) → place(flask_0) → pick(pipette_0) → moveto_entity(pipette_0, small_beaker_0) → aspirate(pipette_0, small_beaker_0) → moveto_entity(pipette_0, chemistry_tube_0) → dispense(pipette_0, chemistry_tube_0) → moveto_entity(pipette_0, small_beaker_0) → aspirate(pipette_0, small_beaker_0) → moveto_entity(pipette_0, chemistry_tube_1) → dispense(pipette_0, chemistry_tube_1)
A10: pour_small_beaker_into_large_beaker_pipette_large_beaker_to_tube_and_cylinder | B10: Liquid handling | C10: Pick up the small beaker which contains KMnO4 solution, and pour the solution into large beaker, then pick up pipette and aspirate the solution from large beaker, then dispense the solution to tube. Repeat the aspirate-dispense cycle to transfer the solution from large beaker to cylinder. | D10: small_beaker_0; large_beaker_0; chemistry_tube_0; graduated_cylinder_0; pipette_0; KMnO4_solution_0 | E10: pick(small_beaker_0) → pour_to_entity(small_beaker_0, large_beaker_0) → place(small_beaker_0) → pick(pipette_0) → moveto_entity(pipette_0, large_beaker_0) → aspirate(pipette_0, large_beaker_0) → moveto_entity(pipette_0, chemistry_tube_0) → dispense(pipette_0, chemistry_tube_0) → moveto_entity(pipette_0, large_beaker_0) → aspirate(pipette_0, large_beaker_0) → moveto_entity(pipette_0, graduated_cylinder_0) → dispense(pipette_0, graduated_cylinder_0)
A11: pour_cylinder_into_large_beaker_pipette_large_beaker_to_two_tubes_and_flask | B11: Liquid handling | C11: Pick up the cylinder which contains CuSO4 solution, and pour the solution into large beaker, then pick up pipette and aspirate the solution from large beaker, then dispense the solution to one tube. Repeat the aspirate-dispense cycle to transfer the solution from large beaker to another tube, then repeat the cycle once more to transfer the solution from large beaker to flask. | D11: graduated_cylinder_0; large_beaker_0; chemistry_tube_0; chemistry_tube_1; flask_0; pipette_0; CuSO4_solution_0 | E11: pick(graduated_cylinder_0) → pour_to_entity(graduated_cylinder_0, large_beaker_0) → place(graduated_cylinder_0) → pick(pipette_0) → moveto_entity(pipette_0, large_beaker_0) → aspirate(pipette_0, large_beaker_0) → moveto_entity(pipette_0, chemistry_tube_0) → dispense(pipette_0, chemistry_tube_0) → moveto_entity(pipette_0, large_beaker_0) → aspirate(pipette_0, large_beaker_0) → moveto_entity(pipette_0, chemistry_tube_1) → dispense(pipette_0, chemistry_tube_1) → moveto_entity(pipette_0, large_beaker_0) → aspirate(pipette_0, large_beaker_0) → moveto_entity(pipette_0, flask_0) → dispense(pipette_0, flask_0)
A12: pour_tube_into_large_beaker_pipette_large_beaker_to_flask_cylinder_and_tube | B12: Liquid handling | C12: Pick up the tube which contains FeCl2 solution, and pour the solution into large beaker, then pick up pipette and aspirate the solution from large beaker, then dispense the solution to flask. Repeat the aspirate-dispense cycle to transfer the solution from large beaker to cylinder, then repeat the cycle once more to transfer the solution from large beaker to another tube. | D12: chemistry_tube_0; large_beaker_0; flask_0; graduated_cylinder_0; chemistry_tube_1; pipette_0; FeCl2_solution_0 | E12: pick(chemistry_tube_0) → pour_to_entity(chemistry_tube_0, large_beaker_0) → place(chemistry_tube_0) → pick(pipette_0) → moveto_entity(pipette_0, large_beaker_0) → aspirate(pipette_0, large_beaker_0) → moveto_entity(pipette_0, flask_0) → dispense(pipette_0, flask_0) → moveto_entity(pipette_0, large_beaker_0) → aspirate(pipette_0, large_beaker_0) → moveto_entity(pipette_0, graduated_cylinder_0) → dispense(pipette_0, graduated_cylinder_0) → moveto_entity(pipette_0, large_beaker_0) → aspirate(pipette_0, large_beaker_0) → moveto_entity(pipette_0, chemistry_tube_1) → dispense(pipette_0, chemistry_tube_1)

Sheet 多来源有序添加
A1: 多来源有序添加 / Ordered Multi-source Addition
A2: 8个去重任务结构；材料仅作为绑定，不作为独立任务计数 / 8 deduplicated task structures; material bindings are not counted as separate tasks
A4: Task name | B4: Primary family | C4: Instruction | D4: entities | E4: P: executable program
A5: ordered_addition_two_stage_small_beaker_then_mechanical_pipette_large_beaker_into_flask | B5: Liquid handling | C5: Pick up the small beaker which contains CuSO4 solution, and pour the solution into flask, then pick up mechanical pipette and aspirate FeCl2 solution from large beaker, then dispense the solution to the same flask. | D5: small_beaker_0; flask_0; large_beaker_0; mechanical_pipette_0; CuSO4_solution_0; FeCl2_solution_1 | E5: pick(small_beaker_0) → pour_to_entity(small_beaker_0, flask_0) → place(small_beaker_0) → pick(mechanical_pipette_0) → moveto_entity(mechanical_pipette_0, large_beaker_0) → aspirate(mechanical_pipette_0, large_beaker_0) → moveto_entity(mechanical_pipette_0, flask_0) → dispense(mechanical_pipette_0, flask_0)
A6: ordered_addition_two_stage_mechanical_pipette_small_beaker_then_large_beaker_into_flask | B6: Liquid handling | C6: Pick up mechanical pipette and aspirate FeCl2 solution from small beaker, then dispense the solution to flask, then pick up the large beaker which contains KMnO4 solution, and pour the solution into the same flask. | D6: mechanical_pipette_0; small_beaker_0; flask_0; large_beaker_0; FeCl2_solution_0; KMnO4_solution_1 | E6: pick(mechanical_pipette_0) → moveto_entity(mechanical_pipette_0, small_beaker_0) → aspirate(mechanical_pipette_0, small_beaker_0) → moveto_entity(mechanical_pipette_0, flask_0) → dispense(mechanical_pipette_0, flask_0) → place(mechanical_pipette_0) → pick(large_beaker_0) → pour_to_entity(large_beaker_0, flask_0)
A7: ordered_addition_two_stage_flask_then_pipette_small_beaker_into_large_beaker | B7: Liquid handling | C7: Pick up the flask which contains KMnO4 solution, and pour the solution into large beaker, then pick up pipette and aspirate CuSO4 solution from small beaker, then dispense the solution to the same large beaker. | D7: flask_0; large_beaker_0; pipette_0; small_beaker_0; KMnO4_solution_0; CuSO4_solution_1 | E7: pick(flask_0) → pour_to_entity(flask_0, large_beaker_0) → place(flask_0) → pick(pipette_0) → moveto_entity(pipette_0, small_beaker_0) → aspirate(pipette_0, small_beaker_0) → moveto_entity(pipette_0, large_beaker_0) → dispense(pipette_0, large_beaker_0)
A8: ordered_addition_two_stage_pipette_small_beaker_then_flask_into_large_beaker | B8: Liquid handling | C8: Pick up pipette and aspirate CuSO4 solution from small beaker, then dispense the solution to large beaker, then pick up the flask which contains FeCl2 solution, and pour the solution into the same large beaker. | D8: pipette_0; small_beaker_0; large_beaker_0; flask_0; CuSO4_solution_0; FeCl2_solution_1 | E8: pick(pipette_0) → moveto_entity(pipette_0, small_beaker_0) → aspirate(pipette_0, small_beaker_0) → moveto_entity(pipette_0, large_beaker_0) → dispense(pipette_0, large_beaker_0) → place(pipette_0) → pick(flask_0) → pour_to_entity(flask_0, large_beaker_0)
A9: ordered_addition_three_stage_cylinder_then_mechanical_pipette_small_beaker_then_pipette_large_beaker_into_flask | B9: Liquid handling | C9: Pick up the cylinder which contains FeCl2 solution, and pour the solution into flask, then pick up mechanical pipette and aspirate KMnO4 solution from small beaker, then dispense the solution to the same flask, then pick up pipette and aspirate CuSO4 solution from large beaker, then dispense the solution to the same flask. | D9: graduated_cylinder_0; flask_0; mechanical_pipette_0; small_beaker_0; pipette_0; large_beaker_0; FeCl2_solution_0; KMnO4_solution_1; CuSO4_solution_2 | E9: pick(graduated_cylinder_0) → pour_to_entity(graduated_cylinder_0, flask_0) → place(graduated_cylinder_0) → pick(mechanical_pipette_0) → moveto_entity(mechanical_pipette_0, small_beaker_0) → aspirate(mechanical_pipette_0, small_beaker_0) → moveto_entity(mechanical_pipette_0, flask_0) → dispense(mechanical_pipette_0, flask_0) → place(mechanical_pipette_0) → pick(pipette_0) → moveto_entity(pipette_0, large_beaker_0) → aspirate(pipette_0, large_beaker_0) → moveto_entity(pipette_0, flask_0) → dispense(pipette_0, flask_0)
A10: ordered_addition_three_stage_mechanical_pipette_small_beaker_then_flask_then_pipette_large_beaker_into_cylinder | B10: Liquid handling | C10: Pick up mechanical pipette and aspirate KMnO4 solution from small beaker, then dispense the solution to cylinder, then pick up the flask which contains CuSO4 solution, and pour the solution into the same cylinder, then pick up pipette and aspirate FeCl2 solution from large beaker, then dispense the solution to the same cylinder. | D10: mechanical_pipette_0; small_beaker_0; graduated_cylinder_0; flask_0; pipette_0; large_beaker_0; KMnO4_solution_0; CuSO4_solution_1; FeCl2_solution_2 | E10: pick(mechanical_pipette_0) → moveto_entity(mechanical_pipette_0, small_beaker_0) → aspirate(mechanical_pipette_0, small_beaker_0) → moveto_entity(mechanical_pipette_0, graduated_cylinder_0) → dispense(mechanical_pipette_0, graduated_cylinder_0) → place(mechanical_pipette_0) → pick(flask_0) → pour_to_entity(flask_0, graduated_cylinder_0) → place(flask_0) → pick(pipette_0) → moveto_entity(pipette_0, large_beaker_0) → aspirate(pipette_0, large_beaker_0) → moveto_entity(pipette_0, graduated_cylinder_0) → dispense(pipette_0, graduated_cylinder_0)
A11: ordered_addition_three_stage_small_beaker_then_flask_then_mechanical_pipette_large_beaker_into_cylinder | B11: Liquid handling | C11: Pick up the small beaker which contains CuSO4 solution, and pour the solution into cylinder, then pick up the flask which contains FeCl2 solution, and pour the solution into the same cylinder, then pick up mechanical pipette and aspirate KMnO4 solution from large beaker, then dispense the solution to the same cylinder. | D11: small_beaker_0; graduated_cylinder_0; flask_0; mechanical_pipette_0; large_beaker_0; CuSO4_solution_0; FeCl2_solution_1; KMnO4_solution_2 | E11: pick(small_beaker_0) → pour_to_entity(small_beaker_0, graduated_cylinder_0) → place(small_beaker_0) → pick(flask_0) → pour_to_entity(flask_0, graduated_cylinder_0) → place(flask_0) → pick(mechanical_pipette_0) → moveto_entity(mechanical_pipette_0, large_beaker_0) → aspirate(mechanical_pipette_0, large_beaker_0) → moveto_entity(mechanical_pipette_0, graduated_cylinder_0) → dispense(mechanical_pipette_0, graduated_cylinder_0)
A12: ordered_addition_three_stage_pipette_small_beaker_then_flask_then_mechanical_pipette_another_small_beaker_into_large_beaker | B12: Liquid handling | C12: Pick up pipette and aspirate FeCl2 solution from one small beaker, then dispense the solution to large beaker, then pick up the flask which contains KMnO4 solution, and pour the solution into the same large beaker, then pick up mechanical pipette and aspirate CuSO4 solution from another small beaker, then dispense the solution to the same large beaker. | D12: pipette_0; small_beaker_0; large_beaker_0; flask_0; mechanical_pipette_0; small_beaker_1; FeCl2_solution_0; KMnO4_solution_1; CuSO4_solution_2 | E12: pick(pipette_0) → moveto_entity(pipette_0, small_beaker_0) → aspirate(pipette_0, small_beaker_0) → moveto_entity(pipette_0, large_beaker_0) → dispense(pipette_0, large_beaker_0) → place(pipette_0) → pick(flask_0) → pour_to_entity(flask_0, large_beaker_0) → place(flask_0) → pick(mechanical_pipette_0) → moveto_entity(mechanical_pipette_0, small_beaker_1) → aspirate(mechanical_pipette_0, small_beaker_1) → moveto_entity(mechanical_pipette_0, large_beaker_0) → dispense(mechanical_pipette_0, large_beaker_0)

Sheet 人工触发流程
A1: 人工触发流程 / Human-triggered Procedures
A2: 8个去重任务结构；材料仅作为绑定，不作为独立任务计数 / 8 deduplicated task structures; material bindings are not counted as separate tasks
A4: Task name | B4: Primary family | C4: Instruction | D4: entities | E4: P: executable program
A5: wait_then_pour_small_beaker_to_flask | B5: Liquid handling | C5: Wait until a human adds CuSO4 solution to the small beaker. After the addition is complete, pick up the small beaker and pour the solution into the flask. | D5: small_beaker_0; flask_0; CuSO4_solution_0; human_liquid_addition_0 | E5: wait_for(liquid_added_to_small_beaker_0) → pick(small_beaker_0) → pour_to_entity(small_beaker_0, flask_0)
A6: wait_then_mechanical_pipette_large_beaker_to_tube | B6: Liquid handling | C6: Wait until a human adds FeCl2 solution to the large beaker. After the addition is complete, use the mechanical pipette to aspirate the solution from the large beaker and dispense it into the tube. | D6: large_beaker_0; mechanical_pipette_0; chemistry_tube_0; FeCl2_solution_0; human_liquid_addition_0 | E6: wait_for(liquid_added_to_large_beaker_0) → pick(mechanical_pipette_0) → moveto_entity(mechanical_pipette_0, large_beaker_0) → aspirate(mechanical_pipette_0, large_beaker_0) → moveto_entity(mechanical_pipette_0, chemistry_tube_0) → dispense(mechanical_pipette_0, chemistry_tube_0)
A7: wait_then_pipette_small_beaker_to_flask | B7: Liquid handling | C7: Wait until a human adds KMnO4 solution to the small beaker. After the addition is complete, use the pipette to aspirate the solution from the small beaker and dispense it into the flask. | D7: small_beaker_0; pipette_0; flask_0; KMnO4_solution_0; human_liquid_addition_0 | E7: wait_for(liquid_added_to_small_beaker_0) → pick(pipette_0) → moveto_entity(pipette_0, small_beaker_0) → aspirate(pipette_0, small_beaker_0) → moveto_entity(pipette_0, flask_0) → dispense(pipette_0, flask_0)
A8: pour_small_beaker_to_flask_wait_then_mechanical_pipette_large_beaker_to_same_flask | B8: Liquid handling | C8: Pick up the small beaker containing CuSO4 solution and pour the solution into the flask. Place the small beaker, then wait until a human adds FeCl2 solution to the large beaker. After the addition is complete, use the mechanical pipette to aspirate the solution from the large beaker and dispense it into the same flask. | D8: small_beaker_0; flask_0; large_beaker_0; mechanical_pipette_0; CuSO4_solution_0; FeCl2_solution_1; human_liquid_addition_0 | E8: pick(small_beaker_0) → pour_to_entity(small_beaker_0, flask_0) → place(small_beaker_0) → wait_for(liquid_added_to_large_beaker_0) → pick(mechanical_pipette_0) → moveto_entity(mechanical_pipette_0, large_beaker_0) → aspirate(mechanical_pipette_0, large_beaker_0) → moveto_entity(mechanical_pipette_0, flask_0) → dispense(mechanical_pipette_0, flask_0)
A9: pipette_small_beaker_to_flask_wait_then_pour_another_small_beaker_into_same_flask | B9: Liquid handling | C9: Use the pipette to aspirate FeCl2 solution from the small beaker and dispense it into the flask. Place the pipette, then wait until a human adds KMnO4 solution to another small beaker. After the addition is complete, pick up that small beaker and pour the solution into the same flask. | D9: pipette_0; small_beaker_0; flask_0; small_beaker_1; FeCl2_solution_0; KMnO4_solution_1; human_liquid_addition_0 | E9: pick(pipette_0) → moveto_entity(pipette_0, small_beaker_0) → aspirate(pipette_0, small_beaker_0) → moveto_entity(pipette_0, flask_0) → dispense(pipette_0, flask_0) → place(pipette_0) → wait_for(liquid_added_to_small_beaker_1) → pick(small_beaker_1) → pour_to_entity(small_beaker_1, flask_0)
A10: two_human_additions_small_beaker_and_large_beaker_to_flask | B10: Liquid handling | C10: Wait until a human adds CuSO4 solution to the small beaker. Pour the solution into the flask and place the small beaker. Then wait until a human adds FeCl2 solution to the large beaker. After the second addition is complete, use the mechanical pipette to aspirate the solution from the large beaker and dispense it into the same flask. | D10: small_beaker_0; flask_0; large_beaker_0; mechanical_pipette_0; CuSO4_solution_0; FeCl2_solution_1; human_liquid_addition_0; human_liquid_addition_1 | E10: wait_for(liquid_added_to_small_beaker_0) → pick(small_beaker_0) → pour_to_entity(small_beaker_0, flask_0) → place(small_beaker_0) → wait_for(liquid_added_to_large_beaker_0) → pick(mechanical_pipette_0) → moveto_entity(mechanical_pipette_0, large_beaker_0) → aspirate(mechanical_pipette_0, large_beaker_0) → moveto_entity(mechanical_pipette_0, flask_0) → dispense(mechanical_pipette_0, flask_0)
A11: build_large_beaker_reservoir_wait_then_pipette_to_two_tubes | B11: Liquid handling | C11: Pick up the flask containing KMnO4 solution and pour the solution into the large beaker. Place the flask, then wait until a human adds CuSO4 solution to the same large beaker. After the addition is complete, use the pipette to aspirate from the large beaker and dispense into one tube, then repeat the aspirate-dispense cycle to transfer to another tube. | D11: flask_0; large_beaker_0; pipette_0; chemistry_tube_0; chemistry_tube_1; KMnO4_solution_0; CuSO4_solution_1; human_liquid_addition_0 | E11: pick(flask_0) → pour_to_entity(flask_0, large_beaker_0) → place(flask_0) → wait_for(liquid_added_to_large_beaker_0) → pick(pipette_0) → moveto_entity(pipette_0, large_beaker_0) → aspirate(pipette_0, large_beaker_0) → moveto_entity(pipette_0, chemistry_tube_0) → dispense(pipette_0, chemistry_tube_0) → moveto_entity(pipette_0, large_beaker_0) → aspirate(pipette_0, large_beaker_0) → moveto_entity(pipette_0, chemistry_tube_1) → dispense(pipette_0, chemistry_tube_1)
A12: pour_flask_to_large_beaker_wait_then_mechanical_pipette_to_tube | B12: Liquid handling | C12: Pick up the flask containing CuSO4 solution and pour the solution into the large beaker. Place the flask, then wait until a human adds FeCl2 solution to the same large beaker. After the addition is complete, use the mechanical pipette to aspirate the solution from the large beaker and dispense it into the tube. | D12: flask_0; large_beaker_0; mechanical_pipette_0; chemistry_tube_0; CuSO4_solution_0; FeCl2_solution_1; human_liquid_addition_0 | E12: pick(flask_0) → pour_to_entity(flask_0, large_beaker_0) → place(flask_0) → wait_for(liquid_added_to_large_beaker_0) → pick(mechanical_pipette_0) → moveto_entity(mechanical_pipette_0, large_beaker_0) → aspirate(mechanical_pipette_0, large_beaker_0) → moveto_entity(mechanical_pipette_0, chemistry_tube_0) → dispense(mechanical_pipette_0, chemistry_tube_0)

Sheet 并行样本处理
A1: 并行样本处理 / Parallel Sample Handling
A2: 4个去重任务结构；材料仅作为绑定，不作为独立任务计数 / 4 deduplicated task structures; material bindings are not counted as separate tasks
A4: Task name | B4: Primary family | C4: Instruction | D4: entities | E4: P: executable program
A5: parallel_pour_small_beaker_to_flask_then_pipette_large_beaker_to_tube | B5: Liquid handling | C5: Complete two independent sample transfers in order. First, pick up the small beaker containing CuSO4 solution and pour the solution into the flask. Place the small beaker, then use the pipette to aspirate FeCl2 solution from the large beaker and dispense it into the tube. | D5: small_beaker_0; flask_0; CuSO4_solution_0; large_beaker_0; pipette_0; chemistry_tube_0; FeCl2_solution_1 | E5: pick(small_beaker_0) → pour_to_entity(small_beaker_0, flask_0) → place(small_beaker_0) → pick(pipette_0) → moveto_entity(pipette_0, large_beaker_0) → aspirate(pipette_0, large_beaker_0) → moveto_entity(pipette_0, chemistry_tube_0) → dispense(pipette_0, chemistry_tube_0)
A6: parallel_mechanical_pipette_small_beaker_to_tube_then_pour_flask_to_medium_cylinder | B6: Liquid handling | C6: Complete two independent sample transfers in order. First, use the mechanical pipette to aspirate FeCl2 solution from the small beaker and dispense it into the tube. Place the mechanical pipette, then pick up the flask containing KMnO4 solution and pour the solution into the medium cylinder. | D6: mechanical_pipette_0; small_beaker_0; chemistry_tube_0; FeCl2_solution_0; flask_0; medium_cylinder_0; KMnO4_solution_1 | E6: pick(mechanical_pipette_0) → moveto_entity(mechanical_pipette_0, small_beaker_0) → aspirate(mechanical_pipette_0, small_beaker_0) → moveto_entity(mechanical_pipette_0, chemistry_tube_0) → dispense(mechanical_pipette_0, chemistry_tube_0) → place(mechanical_pipette_0) → pick(flask_0) → pour_to_entity(flask_0, graduated_cylinder_0)
A7: parallel_pour_flask_to_small_beaker_then_tube_to_medium_cylinder | B7: Liquid handling | C7: Complete two independent sample transfers in order. First, pick up the flask containing KMnO4 solution and pour the solution into the small beaker. Place the flask, then pick up the tube containing CuSO4 solution and pour the solution into the medium cylinder. | D7: flask_0; small_beaker_0; KMnO4_solution_0; chemistry_tube_0; medium_cylinder_0; CuSO4_solution_1 | E7: pick(flask_0) → pour_to_entity(flask_0, small_beaker_0) → place(flask_0) → pick(chemistry_tube_0) → pour_to_entity(chemistry_tube_0, graduated_cylinder_0)
A8: parallel_pipette_small_beaker_to_flask_then_mechanical_pipette_large_beaker_to_tube | B8: Liquid handling | C8: Complete two independent sample transfers in order. First, use the pipette to aspirate CuSO4 solution from the small beaker and dispense it into the flask. Place the pipette, then use the mechanical pipette to aspirate FeCl2 solution from the large beaker and dispense it into the tube. | D8: pipette_0; small_beaker_0; flask_0; CuSO4_solution_0; mechanical_pipette_0; large_beaker_0; chemistry_tube_0; FeCl2_solution_1 | E8: pick(pipette_0) → moveto_entity(pipette_0, small_beaker_0) → aspirate(pipette_0, small_beaker_0) → moveto_entity(pipette_0, flask_0) → dispense(pipette_0, flask_0) → place(pipette_0) → pick(mechanical_pipette_0) → moveto_entity(mechanical_pipette_0, large_beaker_0) → aspirate(mechanical_pipette_0, large_beaker_0) → moveto_entity(mechanical_pipette_0, chemistry_tube_0) → dispense(mechanical_pipette_0, chemistry_tube_0)
